method,certificate,pearson_mae_mean,pearson_mae_std,pearson_mae_min,pearson_mae_max,pearson_mae_count,spearman_mae_mean,spearman_mae_std,spearman_mae_min,spearman_mae_max,spearman_mae_count
gls_map,condition_number,0.5147276284442621,0.034696123915925185,0.484679903720218,0.544775353168306,4,0.27977539726972833,0.056282590387665,0.2310332442032166,0.3285175503362401,4
gls_map,information_logdet,0.0808509933596768,0.051649671241869574,0.0361210659671032,0.1255809207522504,4,-0.0087707603540188,0.07736262925976407,-0.0757687625965318,0.0582272418884942,4
gls_map,posterior_trace,0.21979296430818016,0.04851845683773378,0.1777747481342839,0.2618111804820764,4,0.1541002707230424,0.009045645008762931,0.1462665123518378,0.161934029094247,4
gsp,condition_number,0.02349534978983845,0.08899311974605288,-0.0535749526722739,0.1005656522519508,4,0.0627680544017851,0.06210964191992934,0.0089795266791714,0.1165565821243988,4
gsp,information_logdet,-0.2883307744765282,0.025415928089112194,-0.3103416138624579,-0.2663199350905986,4,-0.2515783654876842,0.06369589810155753,-0.306740631360498,-0.1964160996148704,4
gsp,posterior_trace,0.1863108782935578,0.021791681061753873,0.1674387289029107,0.2051830276842049,4,0.21625883256165762,0.030009330702181643,0.190269989823,0.2422476753003152,4
