budget,layout_type,mean,std,count
0.2,validation_swap_selected,3.1929642890853565,0.04021527086373917,4
0.2,rcss_selected,3.196538087663238,0.024413412587502365,4
0.2,top_variance,3.208908806354434,0.0,4
0.2,multistart_swap_by_validation,3.267083219167813,0.05704508874086584,4
0.2,best_random_by_validation,3.3310973696993136,0.01689091006294568,4
0.2,greedy_a_trace,3.3361253911477613,0.0,4
0.2,scenario_cvar_a_trace,3.5272214891804867,0.0,4
0.2,greedy_d_logdet,3.913042402747825,0.0,4
