method,certificate,pearson_mae,spearman_mae,n
gsp,posterior_trace,-0.12067463529218331,-0.03843648208469056,21
gsp,condition_number,0.2603018924717701,0.22736156351791534,21
gsp,information_logdet,-0.1304811403968387,-0.08143322475570033,21
gls_map,posterior_trace,0.32234201539861546,0.29771986970684045,21
gls_map,condition_number,0.07785354964652688,-0.06579804560260588,21
gls_map,information_logdet,0.1309490806650031,0.15700325732899026,21
