method,certificate,pearson_mae,spearman_mae,n
gsp,posterior_trace,0.20432009410780488,0.25737217447332944,648
gsp,condition_number,0.20529260376891018,0.1967893368638382,648
gsp,information_logdet,-0.22496918443064556,-0.26061088642413116,648
gls_map,posterior_trace,0.8448708911286568,0.849143507835035,648
gls_map,condition_number,0.8163458293325605,0.8450898807947429,648
gls_map,information_logdet,-0.8023244954138726,-0.8019205499684561,648
