method,certificate,pearson_mae,spearman_mae,n
gsp,posterior_trace,0.427232590199333,0.4220482713633399,21
gsp,condition_number,0.39582512108420576,0.23939986953685585,21
gsp,information_logdet,-0.504641359344687,-0.5603392041748206,21
gls_map,posterior_trace,0.2638479257062306,0.011089367253750817,21
gls_map,condition_number,0.3993972509970837,0.3972602739726028,21
gls_map,information_logdet,-0.013746524380045822,0.0684931506849315,21
