method,certificate,pearson_mae,spearman_mae,n
gsp,posterior_trace,0.5593895735198665,0.7925636007827788,21
gsp,condition_number,0.5162320016890575,0.4024787997390737,21
gsp,information_logdet,-0.6624049606577629,-0.8486627527723417,21
gls_map,posterior_trace,0.3038037544659273,0.08414872798434442,21
gls_map,condition_number,0.43579241530802676,0.5446836268754077,21
gls_map,information_logdet,-0.04208381199017943,-0.016307893020221786,21
