method,certificate,pearson_mae,spearman_mae,n
gsp,posterior_trace,0.12573627891990397,0.15346041168154986,651
gsp,condition_number,0.12803632107676938,0.13840809447306984,651
gsp,information_logdet,-0.14014348762868928,-0.17353022595286635,651
gls_map,posterior_trace,0.8605391011975613,0.853438614158595,651
gls_map,condition_number,0.831079746516393,0.8516783277143947,651
gls_map,information_logdet,-0.8170724967360348,-0.8073895799315255,651
