method,certificate,pearson_mae,spearman_mae,n
gsp,posterior_trace,0.1299311597661316,0.129197638806912,210
gsp,condition_number,0.13602730181921435,0.22913693092842885,210
gsp,information_logdet,-0.16302201485181614,-0.22023483647422637,210
gls_map,posterior_trace,0.784108965843528,0.8149880430747343,210
gls_map,condition_number,0.8375275326419064,0.8614525704311815,210
gls_map,information_logdet,-0.6795172524063203,-0.7629438332263224,210
