method,certificate,pearson_mae,spearman_mae,n
gsp,posterior_trace,0.5023956966448395,0.4715696831400661,210
gsp,condition_number,0.5018662514380126,0.4283848345727581,210
gsp,information_logdet,-0.45172806890328215,-0.48197618594091973,210
gls_map,posterior_trace,0.8892592219878486,0.8742123206462372,210
gls_map,condition_number,0.8847032733011728,0.894948874540156,210
gls_map,information_logdet,-0.7938731310183729,-0.8140396434499676,210
