method,certificate,pearson_mae,spearman_mae,n
gsp,posterior_trace,0.19246077103671336,0.1991316135350539,651
gsp,condition_number,0.1956553965123845,0.20096527593709335,651
gsp,information_logdet,-0.19875274437274812,-0.235003074661872,651
gls_map,posterior_trace,0.8723025688154095,0.8563993721757064,651
gls_map,condition_number,0.8350532121923551,0.8642695322799482,651
gls_map,information_logdet,-0.8376947232565658,-0.8237204008882376,651
