,,pearson_mae,pearson_mae,pearson_mae,pearson_mae,spearman_mae,spearman_mae,spearman_mae,spearman_mae
,,mean,std,min,max,mean,std,min,max
method,certificate,,,,,,,,
gls_map,condition_number,0.8290495405832046,0.01303074034231077,0.8070345280564407,0.8413616737413327,0.8528563511762632,0.010714281944559088,0.8417798243628145,0.8642695322799482
gls_map,information_logdet,-0.8161423214199427,0.021577208551951322,-0.8376947232565658,-0.7865331226996557,-0.8095627008808881,0.010962434544469246,-0.8237204008882376,-0.7966754333744199
gls_map,posterior_trace,0.8554651462900817,0.016979783235378503,0.835358806760606,0.8723025688154095,0.8476148200903854,0.009859094290685533,0.8325897644506177,0.8563993721757064
gsp,condition_number,0.14677908277463542,0.13715755689792042,-0.0821230167580003,0.2595416521810207,0.1530986685450181,0.15081053339916614,-0.0996747139235811,0.2781019823066663
gsp,information_logdet,-0.1521094664167332,0.13509406982620065,-0.2639846476433941,0.0751602474289484,-0.17950913164971888,0.14219447327290802,-0.2886129855646598,0.0630150814137285
gsp,posterior_trace,0.14407305970673695,0.13720943268575778,-0.0849534917742099,0.2573321335048588,0.15515419923297005,0.15222816399855885,-0.103610011279559,0.2769210493866225
