,,pearson_mae,pearson_mae,pearson_mae,pearson_mae,spearman_mae,spearman_mae,spearman_mae,spearman_mae
,,mean,std,min,max,mean,std,min,max
method,certificate,,,,,,,,
gls_map,condition_number,0.832714463190273,0.015954585608082925,0.8066015124538195,0.8575884104879562,0.859243099410101,0.010963547654355657,0.8409175358600018,0.872473560039156
gls_map,information_logdet,-0.8209132771589717,0.01704551315624869,-0.8390098472794969,-0.7881287021499035,-0.8130408476705444,0.010970327204578304,-0.8304660374577683,-0.7978285249933056
gls_map,posterior_trace,0.861249346512389,0.015120551103592601,0.8345303742404425,0.8852158214696457,0.8513101932976209,0.010222601129640232,0.829307370294085,0.8660540917348336
gsp,condition_number,0.1265978956852692,0.1231647049342643,-0.0835515104945523,0.2801949173175176,0.13335736886564428,0.12835322552179215,-0.0975047286136861,0.2844709281666718
gsp,information_logdet,-0.1318486670404104,0.12331766509388556,-0.2883630524941361,0.0768246192751815,-0.15917116736526304,0.12684501378958346,-0.3248301177512012,0.0642473614789066
gsp,posterior_trace,0.12422187470127766,0.12354704234497878,-0.0864165520618617,0.2797513473082656,0.12403758142037599,0.13727658037859805,-0.1049847818593996,0.2782015145787321
