method,certificate,pearson_mae,spearman_mae,n
gsp,posterior_trace,-0.28739717277447097,-0.09286523216308042,22
gsp,condition_number,0.27698730516993697,0.2536806342015855,22
gsp,information_logdet,-0.26842099180089524,-0.1698754246885617,22
gls_map,posterior_trace,0.2993443680006712,0.3759909399773499,22
gls_map,condition_number,0.15269129818325136,0.362400906002265,22
gls_map,information_logdet,0.03560750192481685,0.036240090600226496,22
