method,certificate,pearson_mae,spearman_mae,n
gsp,posterior_trace,0.580189174556834,0.5049181772357914,210
gsp,condition_number,0.5805505293860287,0.5304504560538738,210
gsp,information_logdet,-0.5195945900914987,-0.5261989636258324,210
gls_map,posterior_trace,0.9054525673601521,0.8979538153937459,210
gls_map,condition_number,0.9013939599003348,0.9189585981607534,210
gls_map,information_logdet,-0.8067296933665069,-0.8372550467845579,210
