method,certificate,pearson_mae,spearman_mae,n
gsp,posterior_trace,-0.14709734455995244,-0.06258148631029987,21
gsp,condition_number,0.24764714943337654,0.5110821382007823,21
gsp,information_logdet,0.07996956414115394,0.03129074315514994,21
gls_map,posterior_trace,0.4499962462797214,0.21773142112125163,21
gls_map,condition_number,0.6614599390935016,0.15123859191655806,21
gls_map,information_logdet,0.503950711545357,0.009126466753585399,21
