method,certificate,pearson_mae,spearman_mae,n
gsp,posterior_trace,0.25312875960600634,0.274423800881306,648
gsp,condition_number,0.25546723784172354,0.27535801155443473,648
gsp,information_logdet,-0.259544071356483,-0.2856814738962803,648
gls_map,posterior_trace,0.838962057178476,0.8333152148003173,648
gls_map,condition_number,0.812057628872205,0.8449460781431969,648
gls_map,information_logdet,-0.807214351671141,-0.8026132760761229,648
