method,certificate,pearson_mae,spearman_mae,n
gsp,posterior_trace,0.21141977693394567,0.20898764207263612,648
gsp,condition_number,0.21450449837002475,0.21940561479887083,648
gsp,information_logdet,-0.22863081098302956,-0.24591425610426607,648
gls_map,posterior_trace,0.882684794067657,0.8752056747510017,648
gls_map,condition_number,0.8398504032719396,0.8770123975308752,648
gls_map,information_logdet,-0.8490515457379806,-0.8379000930417909,648
