method,certificate,pearson_mae,pearson_mae,pearson_mae,pearson_mae,spearman_mae,spearman_mae,spearman_mae,spearman_mae
,,mean,std,min,max,mean,std,min,max
gls_map,condition_number,0.8208302281094545,0.008315576953576343,0.8105150070784136,0.8299384397473409,0.8512631297606866,0.009317886987029516,0.8432582869417935,0.8619134697524802
gls_map,information_logdet,-0.8025806989966171,0.021475043292881794,-0.8242772386119912,-0.7713244098048484,-0.8043719195239352,0.007533952795242817,-0.815625273871474,-0.7957858740877707
gls_map,posterior_trace,0.8441987000987691,0.0171185704732234,0.8196460086559918,0.8655679995925137,0.8524501932248569,0.006571104734457813,0.8453212585024449,0.8605308421369964
gsp,condition_number,0.18667886393107908,0.12960619427341125,0.0045097322872945,0.3631011732615922,0.18236597415109793,0.123302890814335,0.0042469139609629,0.3458572048182018
gsp,information_logdet,-0.20347407454100988,0.12177692795926262,-0.3661994321884071,-0.0289537928637118,-0.23495785181675677,0.11212477648737144,-0.3845111424046276,-0.0729281711581493
gsp,posterior_trace,0.18516028019947714,0.1298588613234952,0.00218246843992,0.3611878222169832,0.2146218597807259,0.11632375707692293,0.0460659613457022,0.3539163535551408
