method,certificate,pearson_mae,spearman_mae,n
gsp,posterior_trace,0.2820419346024548,0.33200298550784735,210
gsp,condition_number,0.2833404624790043,0.3618528808077457,210
gsp,information_logdet,-0.22992911848048359,-0.3435757157962391,210
gls_map,posterior_trace,0.853516044658975,0.8607631186117387,210
gls_map,condition_number,0.861344858702535,0.8895206601289573,210
gls_map,information_logdet,-0.7390195376806503,-0.8101714593742873,210
