method,certificate,pearson_mae,spearman_mae,n
gsp,posterior_trace,0.46617730069566565,0.50293542074364,21
gsp,condition_number,0.32436483416641015,0.22765818656229614,21
gsp,information_logdet,-0.5033794919745694,-0.548597521200261,21
gls_map,posterior_trace,0.4226506477596298,0.26288323548597525,21
gls_map,condition_number,0.4597035967646725,0.6477495107632094,21
gls_map,information_logdet,-0.16420366774823844,-0.10502283105022832,21
