method,certificate,pearson_mae,spearman_mae,n
gsp,posterior_trace,0.25733213350485884,0.27692104938662254,651
gsp,condition_number,0.25954165218102077,0.27810198230666633,651
gsp,information_logdet,-0.2639846476433941,-0.2886129855646598,651
gls_map,posterior_trace,0.835358806760606,0.8325897644506177,651
gls_map,condition_number,0.8070345280564407,0.8417798243628145,651
gls_map,information_logdet,-0.8039761463858366,-0.8026300125548336,651
