method,certificate,pearson_mae,spearman_mae,n
gsp,posterior_trace,-0.08495349177420998,-0.10361001127955902,651
gsp,condition_number,-0.0821230167580003,-0.0996747139235811,651
gsp,information_logdet,0.07516024742894843,0.0630150814137285,651
gls_map,posterior_trace,0.8397620467925145,0.8427298994695653,651
gls_map,condition_number,0.8307185424095013,0.8431653714362314,651
gls_map,information_logdet,-0.7865331226996557,-0.7966754333744199,651
