method,certificate,pearson_mae,spearman_mae,n
gsp,posterior_trace,0.2548236857340869,0.25657533705182584,210
gsp,condition_number,0.25515668180058976,0.25489080680576137,210
gsp,information_logdet,-0.20910933389603126,-0.22813787491326287,210
gls_map,posterior_trace,0.8934451296009428,0.9039416064069165,210
gls_map,condition_number,0.8890366642757126,0.9051363270891253,210
gls_map,information_logdet,-0.8066123782803186,-0.8474891104838036,210
