method,certificate,pearson_mae,spearman_mae,n
gsp,posterior_trace,0.026506451392539775,-0.03716330473521146,210
gsp,condition_number,0.02735729393861978,0.0027639236053070447,210
gsp,information_logdet,0.014037303757950792,0.04034188167089743,210
gls_map,posterior_trace,0.867652208234414,0.8795224748584024,210
gls_map,condition_number,0.8570984361583899,0.8875110304264839,210
gls_map,information_logdet,-0.7781427998813116,-0.8191878237049536,210
