method,certificate,pearson_mae,spearman_mae,n
gsp,posterior_trace,-0.22094238139453706,-0.3228293797125676,351
gsp,condition_number,-0.2210814597957771,-0.39797377369352355,351
gsp,information_logdet,0.20855986032324228,0.3127283569978928,351
gls_map,posterior_trace,0.9542648858529178,0.9303659359103983,351
gls_map,condition_number,0.8472486978854087,0.8884419741338893,351
gls_map,information_logdet,-0.9284424015679162,-0.899688796925182,351
