method,certificate,pearson_mae,spearman_mae,n
gsp,posterior_trace,0.12391429914894035,0.1721862409456578,648
gsp,condition_number,0.1249567176165521,0.13544158975734955,648
gsp,information_logdet,-0.15351096380225054,-0.1920399496250368,648
gls_map,posterior_trace,0.8592848930939726,0.8628725266106501,648
gls_map,condition_number,0.8277454076593357,0.858768711777979,648
gls_map,information_logdet,-0.816467214188919,-0.8095368699888104,648
