method,certificate,pearson_mae,spearman_mae,n
gsp,posterior_trace,-0.15439070487691378,-0.10821382007822687,21
gsp,condition_number,0.24476365490828983,0.40547588005215124,21
gsp,information_logdet,0.06979540766669755,0.05867014341590614,21
gls_map,posterior_trace,0.5071238467188937,0.27249022164276404,21
gls_map,condition_number,0.8424796826727025,0.12646675358539766,21
gls_map,information_logdet,0.5000980277323077,-0.16818774445893092,21
