method,certificate,pearson_mae,spearman_mae,n
gsp,posterior_trace,0.22119486031230493,0.2283349736513866,360
gsp,condition_number,0.22131499326980206,0.19387067606438382,360
gsp,information_logdet,-0.19996118603377613,-0.23628566148542215,360
gls_map,posterior_trace,0.9234321911772679,0.9312365297480136,360
gls_map,condition_number,0.7820338615765736,0.8892497888677255,360
gls_map,information_logdet,-0.8635467219068573,-0.8866988403060675,360
