method,certificate,pearson_mae,spearman_mae,n
gsp,posterior_trace,0.22978960684641864,0.249867932841183,651
gsp,condition_number,0.23278506086100287,0.2476927039318423,651
gsp,information_logdet,-0.2328266998677831,-0.26341445348292486,651
gls_map,posterior_trace,0.8693632078843174,0.8529164501974424,651
gls_map,condition_number,0.8413616737413327,0.8633887000879276,651
gls_map,information_logdet,-0.8354351180216206,-0.8173980776554243,651
