,,pearson_mae,pearson_mae,pearson_mae,pearson_mae,spearman_mae,spearman_mae,spearman_mae,spearman_mae
,,mean,std,min,max,mean,std,min,max
method,certificate,,,,,,,,
gls_map,condition_number,0.8301329207661811,0.011699645333915737,0.8107688513879489,0.8398504032719396,0.861754616145614,0.011866555066938416,0.8446753737945405,0.8770123975308752
gls_map,information_logdet,-0.8220703658109105,0.021348696540847624,-0.8490515457379806,-0.7944680310795857,-0.8178889189520445,0.012945172830765997,-0.8379000930417909,-0.808307012765186
gls_map,posterior_trace,0.8605813096917292,0.01616370012852604,0.8451916892927109,0.882684794067657,0.8613921338157974,0.011027838995775537,0.845713665011434,0.8752056747510017
gsp,condition_number,0.1516756031720752,0.14161343776230662,-0.0825779281306573,0.2736706009740907,0.148755850258291,0.1468293868773912,-0.0997319816981504,0.2672558857965219
gsp,information_logdet,-0.16913812464583153,0.1385663556308487,-0.2874194982060969,0.0633992809893435,-0.19021184563201415,0.13503040417403558,-0.3039836018522096,0.0407157386357935
gsp,posterior_trace,0.14977150154894367,0.14157187857293455,-0.0845476784164747,0.2723711470232719,0.16605198334789315,0.1444716595821006,-0.0799552321562865,0.293636279922924
