method,certificate,pearson_mae,spearman_mae,n
gsp,posterior_trace,0.016227149775336475,0.0330673073060621,210
gsp,condition_number,0.02064730066070501,0.05184073683896808,210
gsp,information_logdet,-0.054476734912651835,-0.11684282954249485,210
gls_map,posterior_trace,0.7698901061370262,0.7727220306610223,210
gls_map,condition_number,0.7878625480860012,0.8110852384710179,210
gls_map,information_logdet,-0.6728659022655338,-0.7099318543167357,210
