method,certificate,pearson_mae,spearman_mae,n
gsp,posterior_trace,0.22569996305503526,0.2354049859545343,648
gsp,condition_number,0.22782412703036584,0.22140814263686326,648
gsp,information_logdet,-0.23952863122712423,-0.24983715921435182,648
gls_map,posterior_trace,0.8701872379612823,0.8664608312976074,648
gls_map,condition_number,0.8362503565901842,0.8671822944242992,648
gls_map,information_logdet,-0.8370658712394828,-0.8241350827355117,648
