method,certificate,pearson_mae,spearman_mae,n
gsp,posterior_trace,0.21539786101350308,0.2552093599675385,642
gsp,condition_number,0.21599226753209724,0.21563640729604377,642
gsp,information_logdet,-0.22983413920793355,-0.24750806861500085,642
gls_map,posterior_trace,0.8389818600634891,0.8510501075531897,642
gls_map,condition_number,0.8185772757823766,0.8457207118090376,642
gls_map,information_logdet,-0.79501197352475,-0.7957858740877707,642
